1,csiemens0,ddisman0@last.fm,iH3}.QMyO`*z@r
2,bbromige1,kcoomes1@google.com,nU0.nU1xf
3,hblagburn2,bdarree2@g.co,jR6#*O6l
4,akilpin3,ewoodroff3@blog.com,aZ5&wmk|YRX
5,stutchener4,emadrell4@disqus.com,wY8#=UrcGRD.
6,whalsho5,kstrowan5@fda.gov,eT9$V?_?_
7,dcaddick6,awile6@google.com,hL1\X{kb8sIN
8,oduff7,bsummerill7@blog.com,xA1*p}iJ(WQmx@6
9,mrasper8,rkilkenny8@ocn.ne.jp,sY4@ui~S5|
10,jdesmond9,isandever9@shinystat.com,kY3}CABp
11,ckarolewskia,cbiffena@uol.com.br,kE7#?P7j~l
12,upyeb,hfountaineb@fastcompany.com,kL5{1%dpw(Fx
13,lnavanc,bswainc@addtoany.com,"vL5""'!\fCl"
14,tcolbertd,cbullocked@buzzfeed.com,kB3*HQb=cFH\.o#
15,lkanwelle,sgryglewskie@wunderground.com,"xB0%lPGG""I#GY"
16,ecalteraf,oshillidayf@jiathis.com,cW8_ca7MT(>cSe
17,mdecruceg,bharuardg@gnu.org,"pO9+3ot(""**a+}"
18,cfranklinh,smatuszakh@cdc.gov,"kE0<,S<3Y"
19,qhopewelli,lreadingsi@usda.gov,gU0`lqZsn
20,mfeldsteinj,bpollicattj@cbc.ca,pG2{Ew!~Ziae*Lv.
21,agiabuzzik,rhealeask@bloglovin.com,zV9{oX!XPqK
22,dsybryl,estanyforthl@macromedia.com,kH3`9'Q2
23,sschlagmanm,adarnodym@360.cn,tU7@c=0Wf
24,glisciandron,gdreppn@clickbank.net,cO4`w<(M'S8z$
25,tbeminstero,grobjentso@tinyurl.com,aB8}8mnQo$j!
26,srosendalep,falejandrep@sohu.com,rQ7!mEUc2N>
27,awilseq,lleechmanq@engadget.com,zV6%$kzT
28,rhonnicottr,sosculleyr@ycombinator.com,iE2)@d<e
29,ekeysons,arenggers@discuz.net,kX0&s~\))&NN|
30,kmickleborought,nmarzellat@businesswire.com,jK4(*g3nwT@\.=L\
31,dhardawayu,tbrattellu@va.gov,qT8&IuXLtB>q
32,kboldersonv,ecappellv@sun.com,kO1(E'7x#jYt
33,rcoopeyw,ecotgravew@bravesites.com,vY2%P#Agidh
34,iwhatex,nbrussellx@gmpg.org,rS5?LZuCYbr6
35,awoolisy,nsabatiery@ed.gov,"zS4,W{(nupU="
36,emowettz,tduncansonz@hibu.com,wM0\DGeNA)bio
37,akimblin10,imozzini10@alibaba.com,sL5){L@p'd
38,ghilldrup11,sdurbin11@google.com,xG1{)pUn1XB\`
39,lflucker12,kburnet12@house.gov,"nX8>+'jDpTA,SN"
40,hspino13,ipaolucci13@state.gov,zJ6)qlut9X+
41,gisakovic14,clonder14@cdbaby.com,uS0|z)ETIMopg!Xg
42,plansbury15,aclewlowe15@dagondesign.com,cI9>MQVF02gH
43,spescott16,tvicioso16@soundcloud.com,vZ2`o5Q<8twvTKf{
44,sbenger17,jbus17@about.com,rA6~'HUM9Kq
45,kstudde18,ssaiz18@rakuten.co.jp,gM9/5wqb@4?y(@
46,flinton19,mrobe19@sogou.com,"gX0&,!DP3yY`"
47,tmackstead1a,fcarson1a@nationalgeographic.com,dA8!JUMxyCFN7y
48,eburker1b,mmenichino1b@army.mil,pQ3&U50Jd7|_a$KM
49,cimloch1c,bjiggens1c@1und1.de,kZ4_}xvwpnH'i_*%
50,dsnipe1d,sbalazot1d@slate.com,fL9|<D_Q~
51,rhaddick1e,astutter1e@cmu.edu,"sZ4*},r))V1E("
52,damort1f,vgersam1f@facebook.com,zL8*GVS9<J
53,penrique1g,ahodge1g@china.com.cn,zY7%t.N#
54,bhallbird1h,mschrieves1h@wikispaces.com,"mX4,IrUxC~"
55,bmenat1i,apeaple1i@bravesites.com,wY4%}dfbRziQ8tl
56,tcholomin1j,bsainsburybrown1j@oaic.gov.au,"mO9\/,A/`=!6XCs"
57,lwoodlands1k,imauchline1k@prweb.com,"fV6=,4&OH5XLEX""v"
58,cpinson1l,lkroch1l@ft.com,zK1%%9b(
59,dphetteplace1m,frosensaft1m@t-online.de,iB7{|h!I7WDC58'7
60,pfolkerts1n,blipscombe1n@economist.com,pD4&_Jh/Fn
61,scurlis1o,edobbie1o@auda.org.au,"xG6""InVvW="
62,jchristophers1p,dwratten1p@webmd.com,pA1|ulNo%`u>
63,mespinay1q,syglesias1q@nyu.edu,oS3$bdD2Z
64,llawford1r,lwardley1r@sciencedirect.com,"fR7?Hko,|N)"
65,ccarass1s,talloway1s@jigsy.com,"yI7+pQ!_~,RR2i3"
66,uwheeler1t,hchappell1t@example.com,wS6'Y0>z{r5L5l<
67,gschoffel1u,vcicchetto1u@about.me,pZ2<`Bjc)`gngX}}
68,cpleass1v,erobertacci1v@cbc.ca,bH6?JUBH51e!m|iK
69,kvanderbrug1w,mgreenstead1w@surveymonkey.com,fS5+pA#m`\{
70,sbeckhouse1x,csturdey1x@china.com.cn,bY4}XmfIrtij
71,clangran1y,aashwin1y@mail.ru,gX4?ZAr)z&
72,cpemble1z,arimour1z@ocn.ne.jp,"lR0#CEu\,A_BhY"
73,kmolineux20,hyeell20@utexas.edu,wV5`K+DxbCp
74,astaddart21,jcyphus21@youku.com,rY4}Wtul`tmpB
75,gmullaney22,kcundy22@macromedia.com,"oE3~DPyc}(Eh,"
76,lkelmere23,ccoots23@blog.com,rX5_+F_(c
77,pbaitson24,oschneidau24@wikia.com,kL9<\j<bNnME<*<
78,cmaggillandreis25,njedrasik25@mapy.cz,dW1~2U?BxlqsJ/
79,gkiltie26,dlacelett26@wp.com,pB9(U5=r
80,cedgworth27,rleeburne27@google.nl,hG6!Rnf#8tL'
81,cshalliker28,mmisken28@apple.com,qW5#iBRQB>O
82,agodbald29,tbryde29@typepad.com,rW7\r_QB
83,ashakelade2a,coxherd2a@cocolog-nifty.com,"rI7(o,KtQKUs"
84,sarnald2b,ltuberfield2b@dmoz.org,tY0+a&8feJ<0Mg
85,bverchambre2c,alunn2c@dagondesign.com,yX6@'#wOIyO
86,tblodg2d,ksnell2d@theguardian.com,sL9$m`Emr`'
87,bsodeau2e,gmuris2e@walmart.com,xE7_7|YPis
88,iinkle2f,pokerin2f@youtube.com,"iK0<AI~qy,4("
89,mgreenall2g,tminto2g@eepurl.com,pQ3+>Hc>
90,mficken2h,wlindblad2h@webs.com,yY0@#1XP@8
91,msilversmid2i,aphoenix2i@reverbnation.com,iM5@&xE{U>
92,hmalkie2j,cdroghan2j@oaic.gov.au,fB9>.{KN\ygj
93,plively2k,mshaplin2k@prlog.org,"rJ6'\9""IAWc"
94,bgrayson2l,kblakeney2l@virginia.edu,yN1'yeU/M4!
95,lpulham2m,oandrzej2m@dion.ne.jp,"tV7!p}`g,x"
96,cpowner2n,hcleare2n@ebay.co.uk,"cS7?ZVQm9.""`9?"
97,cgainsboro2o,jduxfield2o@list-manage.com,sD4@AGh87B
98,rcawthera2p,apreshaw2p@answers.com,pZ2'z2c)
99,hblankett2q,swhinney2q@theglobeandmail.com,cH2_%.)YPa@
100,pbowers2r,rpowys2r@dedecms.com,nY7>9=TbHR2k?
101,ghugland2s,lmuzzollo2s@ebay.co.uk,bG6#lzuHSgO&
102,fnisby2t,gbassano2t@wordpress.org,wZ4</#CKJYjB0
103,skivlin2u,apeers2u@slate.com,aH0'w3+sU5zV
104,yrosingdall2v,mworland2v@foxnews.com,"fJ3,YnG66`ayGr"
105,jtoman2w,twheelan2w@springer.com,"aC0,rlI(!'H""@"
106,ccoath2x,groglieri2x@princeton.edu,vW2%Rw{Nz
107,rkirton2y,agrishukhin2y@time.com,cT9<iVQ$Kv|f!\
108,hvakhrushin2z,rrosenfelder2z@springer.com,nU5#t`Ll
109,bcaze30,jrossant30@yellowpages.com,iR4{uy$T
110,pleyburn31,hpie31@prnewswire.com,kC8=?N9p&~Ju
111,twiley32,klangthorne32@drupal.org,gO7?T?@45
112,mprobin33,fkmieciak33@zdnet.com,bP2#b$hW%OYKS%8
113,rberndt34,ldreinan34@dropbox.com,gF4~XnZZ
114,sleteve35,msmeeton35@phpbb.com,kX1<u~'r).LkX
115,sreeve36,opirozzi36@ox.ac.uk,"yQ8>pJo<,n,owB|$"
116,drizzetti37,mmagner37@statcounter.com,"nK7!p&""zHN""'ZK"
117,smackay38,jpipping38@usa.gov,bM2<_zvWf6iJ
118,stamsett39,efolks39@dagondesign.com,iE6<?8$+>%
119,lbayman3a,tdanett3a@house.gov,mD0*ZTj>.mW7d.<>
120,nmcclaughlin3b,epignon3b@youtube.com,qD4\b8we
121,cgunny3c,gdouch3c@e-recht24.de,hH2(aD?3#y)3
122,pmachin3d,smoreing3d@shutterfly.com,gL5|+G/VogRnG
123,mmcinally3e,moleksiak3e@altervista.org,iI1?1ACW'
124,hklassman3f,lmcettigen3f@cafepress.com,"gX0.,W!T"
125,ojeffress3g,nelacoate3g@360.cn,nL6#{Duv'
126,bhexum3h,cmicheu3h@nationalgeographic.com,sU0'plN2j?'s)
127,cdomanski3i,astenning3i@nymag.com,pP4)SF/IwZ
128,lbaugh3j,iarondel3j@java.com,iK5!qt\*6CF!
129,sscholar3k,cfritche3k@narod.ru,uY2!=Ww0(|8j#)
130,fhairon3l,oizzett3l@mashable.com,mQ0}~Rh9
131,eallred3m,nbottrell3m@bbc.co.uk,oV0''P+`I?o)<
132,blappine3n,ebarten3n@fc2.com,tW3&}GN|zDO
133,ldunseith3o,gmccue3o@uiuc.edu,"kS3,/m)%eJ(968`"
134,ttreuge3p,nfoden3p@tmall.com,"kU5,_##+>*VBu6wX"
135,wupchurch3q,nverney3q@cmu.edu,fR0\g{.C$DO`C
136,fleishman3r,agullick3r@mayoclinic.com,rK6}hnk/h>)9MNq
137,sprandoni3s,jdrewell3s@vkontakte.ru,"aM4,JcToW"
138,jmcgahey3t,hhaberfield3t@squarespace.com,vW2.O0DC
139,hrowett3u,wcunradi3u@oaic.gov.au,kR6~=U)5#b
140,adevil3v,rhellin3v@naver.com,"dG4{w@ti5jbd""r"
141,cbroke3w,nmacandrew3w@washingtonpost.com,pP0(<G?#3A(Z}}m
142,lbjerkan3x,bhammer3x@netscape.com,aF2|%YuW{<b
143,bgenge3y,hgillam3y@acquirethisname.com,"mO8~?!FE""*7t$j"
144,gbryning3z,jdominichetti3z@cloudflare.com,wC5{Q5c+6b
145,bcastella40,mhawkwood40@smugmug.com,nR0}c(/$H}LMaZAe
146,balgate41,snorton41@ebay.co.uk,dW1!F(%1P68+
147,gisitt42,ycanton42@webeden.co.uk,cK0~yDC/I\
148,sgrelik43,dfolini43@seesaa.net,nR3&#n!)X\72w
149,kmowne44,acoatman44@addthis.com,uU0?k#Xq(Oc~M0
150,ngrimley45,jaronowicz45@tmall.com,"gY6+)s\Lj""Gj+"
151,bmanifield46,bdibaudi46@ox.ac.uk,dA1.K109
152,karnoud47,mashness47@woothemes.com,cN8.h\&#p
153,ihaythornthwaite48,bsaunder48@tumblr.com,sU8*ov#m
154,mryall49,cocurrigan49@parallels.com,"eT9,d'VgK"
155,cplowright4a,lmayston4a@disqus.com,jB8)nbUONbS
156,mhardaway4b,rjeanenet4b@howstuffworks.com,cF2@m#hMP6{_h/<
157,bwade4c,mhanhart4c@163.com,"lV8&<V\t,2CO"
158,vworssam4d,mandreev4d@senate.gov,iI3=vF6(JnrE}
159,eletch4e,eacom4e@dedecms.com,qE1)NYTJ3PAGjt0h
160,fcallendar4f,rstorrock4f@diigo.com,dF7=TM/)
161,pgiraldon4g,zdahill4g@tuttocitta.it,vA9`4Cb~TX3GABGN
162,bfernant4h,vcastenda4h@4shared.com,sF2$pQAGEKl
163,gobruen4i,fholywell4i@ebay.co.uk,wS8&kU0cC94`ZF
164,gguest4j,gwynn4j@digg.com,kQ5>~dU*
165,rbuyers4k,asnailham4k@guardian.co.uk,"nW4?E&cW""l>#"
166,aclere4l,mroblin4l@homestead.com,bE5!9<FQQ!6_d
167,dlanigan4m,hambrois4m@ucoz.com,oX5*8ZV/
168,llonie4n,acheyenne4n@bloglovin.com,zD4_qt'vA_&b
169,mvigrass4o,mnapoleone4o@ebay.co.uk,vS0`XuQh'<`
170,zbolsover4p,solivo4p@china.com.cn,"eP9(TlBPKiDc,="
171,nhendrickson4q,uply4q@earthlink.net,cJ0/mYcL*&M_a!
172,ikoeppke4r,cbagster4r@oracle.com,"rS1,_S9Ry"
173,sfearneley4s,rseligson4s@loc.gov,sV9!Dn2B
174,rcouzens4t,jhattam4t@huffingtonpost.com,"pE4=L,rok>N"
175,ltreadger4u,adenyagin4u@yellowbook.com,zX6|2E\i!0~03
176,ehazeman4v,mrawdall4v@youtu.be,fR4.R)D|
177,rpluvier4w,tkrolle4w@mlb.com,fG1)M${*'Ozf#|
178,rmackim4x,nlatorre4x@biglobe.ne.jp,"qU8#u,/VJkk_n"
179,nvanelli4y,bloomis4y@thetimes.co.uk,uY8*aMpm3wsi.G
180,lwabersich4z,cmacieja4z@edublogs.org,xH4\Csc<_HXM
181,eschwerin50,aroyal50@goodreads.com,"gE0"".mnMAedI2"
182,tpetett51,dmaguire51@tripadvisor.com,cM9/hx7c\{_r
183,eclilverd52,ahubery52@over-blog.com,eI3/|(apsdT
184,sgalsworthy53,wborsay53@nytimes.com,kB1_v+.vt7+~t
185,cgolde54,bpeaple54@walmart.com,yM8}FG|750RWFM0@
186,mhofler55,hcoughtrey55@yale.edu,gD1$_>u4yB8
187,hbrikner56,fstanbury56@google.ca,jO8|f'Cr
188,acondit57,jsymson57@ameblo.jp,uR5>p<CxR{@prw1{
189,sloines58,nlatore58@mozilla.com,kF6?|19QJS_h
190,ceagar59,mgross59@senate.gov,aV2~<K@GQ
191,cfuncheon5a,mvanyashkin5a@w3.org,nQ6~B_/n
192,vbyrd5b,hstoke5b@howstuffworks.com,xQ6@t%N8uWbN&
193,bugolini5c,kfriberg5c@ihg.com,pU3)<E}b@{`
194,wgallehawk5d,ecesconi5d@theglobeandmail.com,qF2?!MM$F<q=V*i
195,bollerton5e,mmawford5e@paginegialle.it,vH2.+p.}.paIO4E
196,kgladdish5f,rblakebrough5f@smugmug.com,pJ6>A*iO}C=3eb
197,rcolliber5g,bbarrow5g@moonfruit.com,"kU5""Go<`L8B~Mg"
198,thaydock5h,fsewley5h@google.com.hk,hK7)Vhf1
199,jmanton5i,tmccourtie5i@fc2.com,eU8<d&*VS$an=K
200,oricci5j,jellyatt5j@sciencedaily.com,uD7'Xv8EX
201,kwall5k,mabramowitz5k@blog.com,aN7\s*nKa9G\vJ&
202,tliveing5l,cclemendet5l@gnu.org,gJ4{JRPZ?uf1
203,bemerine5m,abehne5m@instagram.com,sK9(g(WH!2YeQu@
204,nsteagall5n,ckeatch5n@woothemes.com,qG9.*XjqZ~4IZ
205,aculross5o,cportlock5o@jugem.jp,"oD8\|8E`"".1l7}#"
206,smcilenna5p,hgifkins5p@sohu.com,lR3._u86NOfG8+r
207,nzaniolini5q,rhintze5q@si.edu,"bL0,1&o4A2Q5`~f"
208,mlunnon5r,alambourne5r@wikispaces.com,qR9{3<lR
209,wshatliffe5s,mspeeding5s@addtoany.com,mG3.X+&esT
210,bchaucer5t,khickenbottom5t@alexa.com,"jG9""KkWN@SIk"
211,kzimmermanns5u,hblakeway5u@barnesandnoble.com,lB4=FW}}7'pw|Y
212,egerrad5v,ppipe5v@xinhuanet.com,"vN0,F(ZcQ$|}GO{u"
213,ccrosfield5w,bdubock5w@stanford.edu,"bX8!f=wQ,n?p4Va"
214,dlowin5x,shodgets5x@wisc.edu,mK6)1BL3V|1A*F
215,palflat5y,jlakes5y@mapy.cz,lN6<8`LMj
216,gklemke5z,wsikorsky5z@nih.gov,"kQ8?'wu~v)qP?(""Z"
217,gkealey60,wisoldi60@foxnews.com,"zN3~r,*D"
218,klowndsborough61,cdightham61@nhs.uk,bJ9{+x@@=i&e5}`
219,sdinwoodie62,dhoultham62@comcast.net,"zP3""!n%hf5w(x"
220,mkeaveny63,nhasney63@scribd.com,"wB6,'WAJp)"
221,jmawford64,cjiras64@barnesandnoble.com,vI6)rf}v5UJ
222,cseamer65,hbould65@mail.ru,gB9!a7~dCX_DH2u
223,fgandar66,aschachter66@youtube.com,uW8%83E\A_
224,aanshell67,cmoir67@dailymail.co.uk,mI1)2pm1+tAaY0B
225,emacneil68,fgriffiths68@freewebs.com,"xA8""fvGKm"""
226,gormston69,dblythe69@patch.com,uQ6\SNjG*dJ.}
227,rundy6a,tbilbrook6a@posterous.com,"pW4'm4rO""}"
228,kgrubb6b,rhanselman6b@cisco.com,pZ9*`Mom4Ag\_I
229,ymccrohon6c,haspinal6c@flavors.me,"jP7}Xn,+<_00"
230,wglyde6d,cdeane6d@weather.com,vN0~=@gQ.VThGSmt
231,bverlander6e,mfrany6e@ucoz.com,bC2'V\IDNz4v%6\
232,fmacilriach6f,srubica6f@hp.com,"lY8""RY)_"
233,bmactrustrie6g,mlabrom6g@whitehouse.gov,"iT5*E}V,\Uu"
234,ngaitung6h,fbarkhouse6h@twitpic.com,aH3}qJ\6nl14P$pc
235,jsharkey6i,vcleaves6i@techcrunch.com,zF2?)_VY}1e
236,jdaintree6j,mreignould6j@mapy.cz,sA8+'%F6xw2(
237,kbrabben6k,ydodridge6k@amazon.co.uk,uW4~$o2h)
238,ehewertson6l,sgentner6l@webmd.com,"kC4',Z!V`WS$vZt"
239,mmingus6m,vlambell6m@huffingtonpost.com,"pJ6""K\qM\"
240,kmulvy6n,mroon6n@flavors.me,zC6_'%jO_7_
241,aaronson6o,mmarzelle6o@people.com.cn,lK5'D+7=!dI{s`
242,kmattaus6p,ocornely6p@sphinn.com,tZ3!LFCvSV
243,alawlor6q,tcraufurd6q@nifty.com,eL8>Z8~ao*
244,gcadwaladr6r,esustin6r@illinois.edu,oX2{n4qu
245,mblennerhassett6s,fdavidson6s@github.com,yN8&ZejMP8>
246,nspancock6t,happlegarth6t@nhs.uk,aV6!x'6|
247,rkerbler6u,wbarthot6u@cnn.com,wF8%phDxT*$.nf8
248,jnovacek6v,njaycocks6v@samsung.com,iR5!eOH?=
249,rbrawson6w,rbelderson6w@ebay.co.uk,kV1({rxOR6S}05K2
250,palelsandrovich6x,casaaf6x@github.com,zE1`!{t9PBB
251,ltremmil6y,bbeesley6y@hud.gov,qT0+RhU!
252,lronchka6z,jharroll6z@shutterfly.com,"sK6&!,xI~"
253,mburtonshaw70,cabrashkin70@geocities.jp,hK3=#$P_`
254,rmaberley71,dbarrack71@zdnet.com,xL8*9hTj
255,cziemecki72,swooler72@domainmarket.com,nI4{HHU+ZQiCTpD.
256,rpetticrew73,jpiperley73@tmall.com,uL8$Sf_Iv
257,lraggett74,abrooksby74@bing.com,rC2$_S%y1o!rG
258,bgilgryst75,hpencott75@ustream.tv,aW3@b$876UhVrZ0
259,apomeroy76,cconyers76@csmonitor.com,"uU8,9+x@79*cY?ld"
260,creddington77,cringer77@constantcontact.com,"bI1""Cry#2f"
261,jpendered78,rpetre78@nytimes.com,uJ5'V{|47b>
262,apeatheyjohns79,mjanczewski79@privacy.gov.au,"iZ9|%u}0EG,'M"
263,acruxton7a,coxbrough7a@symantec.com,"fQ6""v1V8qi@ps\P"
264,gsondland7b,tduigan7b@google.de,dT5=}3UecA>GE
265,umerkel7c,shusselbee7c@rakuten.co.jp,kE6&R2yOv
266,mdeclercq7d,mleindecker7d@meetup.com,fK6?NbK6.C68%
267,tmacklin7e,ngorvette7e@alibaba.com,"bO4_7~~""3zGe(<"
268,fdeneve7f,kkenningham7f@ovh.net,uI2~b_PZJp~r
269,salman7g,cskirling7g@oaic.gov.au,eD0>tg+8NIC/f2
270,lbelson7h,kramalhete7h@google.pl,tM4*'8J+&6A
271,sblaxley7i,ymccarrison7i@amazon.com,lD3{5@P$fS
272,ngibson7j,bmacgeaney7j@apple.com,rE2)>e5iBPK
273,jneame7k,kbroschke7k@google.pl,gL4.Nr*&/<sWR>
274,lskupinski7l,gadamik7l@hud.gov,zI6*cu@AagVmx
275,tsteenson7m,ckleinstub7m@deliciousdays.com,yV7!&7!WY\3?6q
276,tdevey7n,bdahlborg7n@privacy.gov.au,zS4*SZT<
277,cfullun7o,ajaffra7o@census.gov,uJ0_YOv~
278,hbuesden7p,elernihan7p@spotify.com,rY3*'H`J?gr_RUb
279,barbuckel7q,njudson7q@addthis.com,yJ4.YPmTd.O'{j
280,mdefilippi7r,fmacauley7r@bbc.co.uk,zR4_N9xU0
281,jclews7s,cavo7s@ow.ly,tC8+hX9'TDf.h+
282,rballinger7t,dassaf7t@umn.edu,cH6*uWQMB2~
283,atilford7u,eszwandt7u@macromedia.com,"pK3""!FfrmJwD&g"
284,mbeurich7v,cgriffoen7v@paginegialle.it,kG2'<AJ<
285,cnavaro7w,kpadilla7w@springer.com,eN8?f24wq@h.
286,kcrackel7x,kfranz7x@de.vu,vS7|OaTAdlq
287,jhayesman7y,lboutellier7y@theglobeandmail.com,kU2&*KA0UZ'%_5
288,qloughlan7z,rmoggan7z@yellowbook.com,gS3\d}0oc43e6$
289,lpennino80,ptubb80@imageshack.us,xB9|Y1ju*w=DNQQ
290,rsouthward81,cguiness81@msn.com,fL7_yw??
291,lclampton82,cdewick82@arizona.edu,"cR5,>6Qy"
292,gorans83,drennox83@vistaprint.com,fO9&>M6Ax~N9>8Km
293,ncuer84,wrourke84@rakuten.co.jp,yB2#)lE`h
294,erobet85,salibone85@thetimes.co.uk,xR0'IakYW<2a\
295,atoquet86,cminkin86@163.com,dP2$#L`ne8IaDH
296,mconklin87,dskottle87@spotify.com,bO3\nuk4J~M$
297,bnasey88,gmorritt88@sun.com,mK3?8Kk1W
298,chaggard89,mdavidek89@vistaprint.com,zE8\upRa/<!+=OnK
299,sshoppee8a,mdemichetti8a@yahoo.co.jp,"fZ2""XaI4f"
300,mbosse8b,hbrummell8b@purevolume.com,xO3=S.`+dQoIN#08
301,btesimon8c,mnorman8c@rakuten.co.jp,aT3{iLUB
302,gmuir8d,nrogerson8d@i2i.jp,tR2$\{Do.IYY0!Wy
303,bhaley8e,lhammor8e@feedburner.com,mE0=Rz}b.<ALe
304,rfrancescotti8f,sshuttlewood8f@sfgate.com,zK9.(+2VV
305,edisman8g,aallison8g@tinyurl.com,lI2$L0@@wd0Wdt
306,rkestin8h,srupke8h@gizmodo.com,oQ2*..fx'jXqdB`
307,mkleinpeltz8i,koehm8i@youku.com,jS8'Q2`m
308,bgumbrell8j,lpetric8j@weibo.com,jN0+G@I&q`N
309,cmarjot8k,rserrell8k@yandex.ru,cE3=$O8v
310,vturk8l,dsendley8l@goo.gl,pE5=ie6k
311,rfayer8m,jrobins8m@newyorker.com,qN1&TRMtXL
312,gtaylder8n,edoone8n@ucoz.ru,tD6$wLvFh&`~V=dM
313,dgiacovelli8o,egrishagin8o@usda.gov,fO1~=}l9w0YX/a
314,mohallagan8p,icorradeschi8p@google.com.au,"zM7\>@B3f"""
315,rreadman8q,kburrus8q@latimes.com,sB8/&SwPe
316,dfinlry8r,bdyzart8r@seattletimes.com,gF0#N}&9f<aci
317,adesmond8s,fkacheller8s@godaddy.com,lW4_emnXWH
318,fsuttie8t,ebigrigg8t@businessinsider.com,cW8)i4haI(S@ULwi
319,eliccardo8u,barnholz8u@artisteer.com,jV1'~dIn@i
320,feastes8v,kgraundisson8v@msu.edu,aW0#Z~D?UoR92G
321,hdavisson8w,agillopp8w@goo.ne.jp,xZ8@9X8KhU2
322,bfurmage8x,dbarten8x@youku.com,"tS8,pYnlMVJx4$ER"
323,ctheakston8y,wwalczynski8y@wisc.edu,qG8&+nwl
324,egiovanitti8z,jvynarde8z@oaic.gov.au,kP9&b%mzB@QxS
325,dcrookshanks90,bdiehn90@shop-pro.jp,iB5>LT&kg1
326,klampke91,tgrain91@ehow.com,uR5'u|Xx4L)
327,roglessane92,rdohmer92@salon.com,vM8+P9~_sueg
328,gbull93,jcondell93@trellian.com,oJ8_\>jw|!c
329,dskylett94,btybalt94@comsenz.com,"gI7\$c,X38"
330,cbrommage95,rdonovan95@japanpost.jp,"lG3,+#x4@%KFM~_7"
331,sjurgensen96,odearlove96@dropbox.com,qK9/3=)eG.
332,alewis97,cmoroney97@slashdot.org,cM7=fL@|dp
333,apitceathly98,agyngell98@nymag.com,wD6&\AF5q%R`!!
334,kmorfell99,mmelling99@msn.com,"mD9,uoJwZ*r_x"
335,rcurm9a,lklemke9a@kickstarter.com,aG2*VK#OKDTm
336,dwayne9b,amarkson9b@yolasite.com,"nQ9.jHH\K>""~Ww"
337,mpierson9c,mcowden9c@gravatar.com,dW2{$\BD!H
338,hyandell9d,rrustan9d@ucoz.com,"rC6%a/k,i"
339,kbritian9e,tpranger9e@g.co,"qX0,~=|5p"
340,nsuffe9f,gcarrabott9f@paginegialle.it,wX1''Ac6eiPfp$>
341,mwillden9g,ecowin9g@usgs.gov,eH8/krfx
342,eaugustin9h,akomorowski9h@ft.com,fV7+a8\p/WNNF
343,gcowill9i,sprandin9i@jalbum.net,"dU7@A""1_t*"
344,lschmuhl9j,abrodnecke9j@digg.com,pQ9_J~v@
345,sfincke9k,sscruby9k@about.me,qH6|ZVKdZ5
346,qwebben9l,hswalowe9l@europa.eu,eA4>!eAq`
347,cmcgrirl9m,kborland9m@epa.gov,jJ1\GFsZ
348,rtodd9n,taudrey9n@sun.com,pD3~s&di
349,agotfrey9o,mcowope9o@taobao.com,kD3)9/TwsW3a
350,ofudge9p,rself9p@twitter.com,wS3<_A\AtZM46`
351,uhallums9q,jjakubovicz9q@com.com,rH1~%k<3L)+8/2
352,cmacfadin9r,kbigly9r@buzzfeed.com,tJ7.u'6QzZj7*e
353,ggoodwill9s,sroome9s@alibaba.com,"bW3%mf84""Prf,{T("
354,adace9t,karmatys9t@dagondesign.com,eV7(Iq4|c$vQ
355,spennycock9u,hparker9u@state.tx.us,"vS0/""`q@`"
356,nmccart9v,jdunican9v@hubpages.com,fV9<jW{dB
357,scallcott9w,btatam9w@ebay.co.uk,aG3!H1tB=t!I
358,gcaulkett9x,twyne9x@guardian.co.uk,"yI2,oQ95h?C$N4"
359,mrodson9y,ynaptine9y@tripadvisor.com,hV1~<IV|Kd
360,rjakubiak9z,ckloisner9z@simplemachines.org,xH9$SB22yN!
361,wmussettia0,dkemma0@latimes.com,kC5~QXnE?(e>
362,tfettisa1,aphilippa1@bloomberg.com,"kA2>mN""G7h"
363,escotchmura2,charrissa2@dyndns.org,gI4_?m6YL
364,cdablina3,csenta3@telegraph.co.uk,yZ5!Jca/2=d}j=k<
365,bstokella4,cbozwarda4@mapquest.com,yV1`p34=%
366,skirleya5,asexceya5@wunderground.com,sU6}KhY=HBOz$
367,dblagdona6,iracka6@dedecms.com,hZ8{#Xt*y
368,ageekiea7,lmcdermottrowa7@zdnet.com,iH5|'zFU!j
369,lkienzlea8,aklemenza8@toplist.cz,tX5{_}rm/
370,gcraufurda9,elebarreea9@skype.com,nU2_yE<?
371,eschultzaa,hjardineaa@ted.com,"kU1,*`hsL%ru"
372,dhadkinsab,wmoseleyab@nih.gov,nI4&Y>94.dx}P
373,djervoisac,bmccloshac@ihg.com,fD1?X_P7}I=
374,aedgsonad,fmcconnachiead@g.co,uS8`8NGzrGi'g1X
375,cnewlandsae,sandertonae@mail.ru,hT1{LiPE4M
376,rmccoishaf,cbanvilleaf@ifeng.com,yQ5`mnnT
377,vgleedag,ldepaoliag@huffingtonpost.com,"qO3""UQFk?Q>2)4m*"
378,akapiloffah,mlesserah@diigo.com,aE9}w4#U3\HOBK(
379,sthamsai,hlongfordai@wikimedia.org,"nS3~&K+K""4Q2(L"
380,ncalcutaj,abrobakaj@plala.or.jp,eX1>Cklym#aN(0%W
381,afetteplaceak,uupcraftak@oakley.com,"hZ1`,<(BMbgo'H}"
382,rbissellal,bbidderal@dion.ne.jp,tK6<lscC+En>FI
383,knelam,jgiacobiniam@sciencedaily.com,dA6@NbTcn=(
384,fwittyan,rtheriotan@paginegialle.it,dE1)A3&=H
385,crosengartenao,nsanbrokeao@reverbnation.com,"pA9_m,yo"
386,rbarhamap,fklimaszewskiap@ibm.com,"jY9#=""Bh%#7rf"
387,pmacfaellaq,cfergieaq@loc.gov,"uJ4$)>ycc""82G@aI"
388,smazziaar,ckemmerar@artisteer.com,zB2_ibY}Ax++Q
389,fblatcheras,jdinesenas@diigo.com,"dP8.plQ,izmRlJHy"
390,xpetrazziat,rlortzingat@multiply.com,"lY1,a<>Qng"
391,bturgooseau,ovandaalenau@1688.com,"aY3,KPSKN6j"
392,gcallanav,rthomblesonav@yolasite.com,"iK8#p&SL2wo8u,ZC"
393,leasthamaw,deadesaw@icio.us,lY1(\eF&/F*W
394,sstenerax,reingerfieldax@cornell.edu,"rJ6?5V.=99,ja"
395,cslideay,rfieldersay@sitemeter.com,mY6{Q!Qx
396,blemarquandaz,yjenneryaz@theglobeandmail.com,"iC3.O15""QwZU"
397,tpeppardb0,njakolevitchb0@miitbeian.gov.cn,tV6$?Tqpp1i
398,gwaymanb1,sebib1@epa.gov,hH6{y4vBo_d
399,mcorkishb2,ebremingb2@behance.net,jE0{2}j5'
400,mtapperb3,aollenbuttelb3@symantec.com,dF9_}T8JS
401,mparsonsb4,wosullivanb4@toplist.cz,rQ4$Jo'e>
402,pkubczakb5,zsabatesb5@redcross.org,"zY4<""l(%a%A{n"
403,ccharmanb6,mpercifullb6@zimbio.com,qG6%PN@bKUG}c#
404,bcalcottb7,tmethb7@kickstarter.com,tL4)3.Y>>A+
405,mhanhartb8,shatterb8@furl.net,rF9>Y#H<
406,squillinaneb9,wmyrickb9@reuters.com,aK0_RPM5
407,bphippba,kcordsenba@godaddy.com,fW7)N2O2|Nv&jVB
408,svocebb,mgribbinbb@google.de,cI8.1(rt
409,jtatumbc,bduckhambc@goodreads.com,"mG8`Q3,+mFb"
410,bbrymnerbd,gbatebd@trellian.com,tB8.V8F#1q*
411,nrobelinbe,dlumbersbe@vk.com,"eM5_,L6nCy4~<"
412,kifflandbf,nmewsbf@reddit.com,xF1&#fDob}V+{nOk
413,pcarneybg,sdomnineybg@salon.com,eT3)psHBw
414,rphizackarleybh,saureliusbh@chicagotribune.com,sO3}hs#&
415,bsiwardbi,chuebi@webnode.com,wD0=KCMQy*9F?o
416,esiaskowskibj,mgreatbankbj@istockphoto.com,zI5'92)h)oIQ3
417,atrevenabk,tleftridgebk@nifty.com,eU8#5+(2?VEP?3Z
418,waylwinbl,gflochbl@statcounter.com,gO4{E/CO
419,samisbm,drismanbm@reddit.com,pG8{>rXp#qr
420,dpyettbn,gsearchbn@fda.gov,yJ1!94iS
421,dwillettsbo,nbiscobo@infoseek.co.jp,oQ1`V&5x
422,rjaycocksbp,sremingtonbp@mediafire.com,mV6&f35?5
423,mcammackbq,hgerataschbq@blog.com,aU4$<S$h
424,mflochbr,teliassonbr@dmoz.org,vF7%g=k*ZA8G
425,amunslowbs,ccatmullbs@people.com.cn,oY2)y&HuGLo
426,wflemingbt,scomibt@cdbaby.com,kH2%n!ughOZAk$2d
427,mjakubovitchbu,dpedrobu@tmall.com,wG5#kuq=BE
428,smcgralebv,zspraybv@godaddy.com,yS1~GzK@pDq7iG)h
429,lcoppledikebw,lbasdenbw@upenn.edu,"uB0{jgm,xtcZt("
430,wmacgauhybx,cquinbx@cnet.com,xX2.eEcgg)b@t2
431,kbilyardby,tgeorgeby@w3.org,xR7>IzG{
432,rarriguccibz,flesaunierbz@cocolog-nifty.com,vB5$x@l6t5!VNN!
433,fdefrainc0,aandreasc0@dropbox.com,"tE2%N{_7lvO""umas"
434,mvanderdaalc1,cbrightc1@technorati.com,sB0'tWWGzzu
435,theggsc2,obrydsonc2@upenn.edu,"mR9<dJ$.?&p~"""
436,bcundec3,pputlandc3@domainmarket.com,bO2.W#7nfQD{
437,apassiec4,lvillaronc4@bravesites.com,cV4?MvETJ2Xs!9
438,ablinmanc5,apoltonec5@vistaprint.com,oL2|H}ve'
439,scampac6,iconahyc6@hubpages.com,iG4%!~OQwIZ
440,nrufflerc7,msticklesc7@weebly.com,"gM9>D{&""%"
441,cbirdwhistlec8,gdreakinc8@soup.io,mG6{5h%1.!KN#H)
442,dsifflettc9,felsleyc9@histats.com,gP5<5ifNU.1FC8nm
443,wisaksonca,ozollnerca@mediafire.com,hE2<pfku_9By0uO
444,bchesshyrecb,pheddancb@list-manage.com,wC3{(hljfl$_
445,npellingarcc,espreycc@jiathis.com,yO0&ehWQlsLrN
446,ebarttrumcd,mpizziecd@ihg.com,jY2_eAH$?+&!hxO
447,cmillikence,cbeevensce@nba.com,lA9(K}?Ad|
448,rmcgeochcf,lgoodletcf@yellowbook.com,gV9}plTg`v1w<|
449,mcoshcg,ahemerijkcg@usgs.gov,cF9~1msS
450,atrownsonch,agatchellch@tripadvisor.com,"mS5""83{Q1"
451,gstoeckleci,psokaleci@seesaa.net,oM3@i3<0D
452,gbowcj,skurtencj@wiley.com,"pG9,O9Fy>("
453,rbillingsleyck,rswallwellck@oakley.com,aE3<Zz{T(CSQ\K
454,dthorsencl,ikarpecl@cam.ac.uk,mC5/yBV(F3qX
455,rmurfillcm,tculpencm@dell.com,"vX6""fat9}c"
456,bduxbarrycn,lsivillscn@hatena.ne.jp,bW3>5jDhvP
457,akalinowskyco,efindonco@google.nl,uL2)?&Gf/
458,jkealycp,mquilkincp@pen.io,sK6+CuFd~C0}b
459,cscotchmercq,bweblingcq@etsy.com,tK1!y<Q41a@+Us
460,mmalinowskicr,apargettercr@ca.gov,mV0>6I'#ty}
461,cdowkercs,gstlegercs@imgur.com,yF6}j|j!3PFyw~nr
462,icotect,ekobierzyckict@economist.com,mP7{+)D(e\
463,mnoddlecu,crojacu@washingtonpost.com,pM4$bbBG/RJhKaN
464,hwoltmancv,lsearlescv@msu.edu,qL4$o*s4gMG=
465,rprucecw,aleportcw@sakura.ne.jp,rA1%ZbV6
466,jtrevescx,veversoncx@photobucket.com,dY9{P\RGCZTt2
467,pdavidofcy,phanlincy@mapy.cz,"wL2<X{<5"""
468,emallowscz,apeattcz@hhs.gov,bK8~)#!7
469,cmaykind0,dhuorticd0@jalbum.net,zI0~p'|iUM#TP
470,agodleyd1,kwendend1@gnu.org,hV1\@MTjs@?k
471,jmartd2,ascudderd2@comsenz.com,nI2@YFv<
472,gcapperd3,bshevlind3@disqus.com,pT0#x9_8$c.U0)&
473,ashrimptoned4,cdugmored4@yale.edu,"fQ1%""4l}'YU."
474,rbennittd5,mcampellid5@quantcast.com,"nD9<&K>}e2>n,="
475,hoxtarbyd6,kpalfreymand6@last.fm,kI4+kGC4SjvxM
476,abeerntd7,hkoseld7@sitemeter.com,aD4{24zN82T1f_
477,lcaroland8,mmaidmentd8@godaddy.com,jM7.pU.y?R>rQA
478,wjozefczakd9,hfeaverd9@storify.com,gW4'Qyd%m_D%
479,lgrcicda,dhouldcroftda@livejournal.com,tN5~Hhw\%uZlw
480,lgosbydb,ealsinadb@stumbleupon.com,dZ5&ml$2hv0*08?
481,bzywickidc,ebavagedc@usgs.gov,hP3><SBj#cR3'{7h
482,njeensdd,vgravenalldd@reference.com,"eI7(sTSe*t,s("
483,cpaintainde,irichfieldde@amazon.de,"yO6""b~M&|w"
484,mpurvessdf,sthoumasdf@etsy.com,hD0)(evE
485,cbranchflowerdg,jvarnesdg@diigo.com,iQ5|XJT}2~EIQl}}
486,dpharrowdh,thickeringilldh@yandex.ru,lA5$n7BX/.
487,lbacksaldi,sdominidi@elpais.com,"yH9""2~53+k4GCI="
488,finnesdj,ldrinkaledj@about.com,qX1}CHYO
489,mscanderetdk,acordsendk@cnn.com,wJ5{|y2Cr
490,kdahlbergdl,vtucknottdl@dmoz.org,"jT4,K,g$~sPJ~Bt&"
491,cgraysmarkdm,fbanesdm@behance.net,zH0&FIR@'IrC6R}
492,nsawerdn,amerrittdn@seesaa.net,tV8%D=Cian
493,bjehaesdo,lpickaverdo@1und1.de,"xV4""$}G$cF"
494,croncadp,zdybelldp@is.gd,aD5\DO~UK
495,ccrackdq,jlamonbydq@google.com.au,"sF3""kfxc}&Y8k5P"
496,jmantramdr,okynmandr@shop-pro.jp,"cD2$J<V_""=2kAD"
497,jscoffinsds,ssiemianowiczds@gmpg.org,"iN0""7Cv`UK<8ds"
498,vjeannindt,jwimbridgedt@csmonitor.com,sW1/vGZI7o
499,dcutilldu,jalwindu@shinystat.com,gL7<u/?ixr
500,cmcnishdv,jdonisodv@clickbank.net,"cG1(0&h_w"""
501,fmccomiskeydw,ecarpenterdw@indiatimes.com,wF4$N>n3U$
502,ayouhilldx,iwelfairdx@soup.io,sN5{V3Ng2ggttYfH
503,qbielfeltdy,dcratesdy@spiegel.de,uZ1<zb)FFQkd_
504,vcardisdz,rallensondz@slashdot.org,aJ8!Eqj}yfVelGL
505,mhellwiche0,edoumerquee0@feedburner.com,rC9`oJ8|>
506,pcattele1,dyandelle1@fda.gov,vL1*NT=u0
507,hchurme2,lplante2@mapy.cz,uN6)|cHTc
508,rjevonse3,kmuffene3@google.nl,xY0=DQruZGfNH7
509,ttorrae4,nbambe4@addtoany.com,wC0'Hahu0h2e{
510,hcoleiroe5,ispellare5@usatoday.com,qF4%k>fUHO=6{!'
511,rbaylise6,kbrimhame6@pbs.org,eL5#w5g*iP'kShy
512,kgodfraye7,kkenrighte7@hexun.com,cJ6@VX.Dd
513,cstiffe8,kbauckhame8@arizona.edu,qC6}UPDjY*'
514,lfarrawaye9,jwhartonbye9@opensource.org,fE4_sR7EP&f
515,pchreeea,mwiggamea@thetimes.co.uk,"nY2{gbke7""8.P>"
516,ccotmoreeb,jdunkerlyeb@comsenz.com,"aI8.,Tz+G"
517,cpietrzykec,mdrysdaleec@list-manage.com,wA0.2{0Xn)+m
518,educketed,fcattlemulled@com.com,xN3&mcbyGmQ0fcQ
519,kbettanayee,rditteree@marriott.com,iK0/PV@h
520,sretteref,lhowsonef@wsj.com,sO5(q%DGc8q#&Sc
521,amaccreeeg,jmaccolganeg@si.edu,kV2\.F{))
522,dkilcoyneeh,pregorzeh@freewebs.com,mP4}mOnm/TVXGi\9
523,dpaiceei,hadamiei@yolasite.com,nZ0?KBb)'KI
524,lchaffeyej,sbartelotej@comsenz.com,iU9`}Bk=jN|
525,pabramowitzek,rhefferanek@google.com.au,bZ4+9}0#
526,fnibloel,wleeuwerinkel@dailymotion.com,jK9`ULuJCP
527,mmacmenamieem,achamberlinem@freewebs.com,mA3<+xl#)>
528,ibieren,mcraykeen@answers.com,cE9$$ff+#2a8Ey
529,dfelderereo,jpritereo@loc.gov,wG9`CX\S)Y\oQ
530,oeselep,sbrundaleep@miitbeian.gov.cn,mF5)CY&AgbxP_G1b
531,obischofeq,jbearcockeq@github.io,iA5!==<!VT\t
532,kcorbetter,ptotterdiller@amazon.com,"mA8_qf,dN+.EL"
533,sbennees,skonmannes@cisco.com,"xE5_jh""V9@kX"
534,romulderriget,bfarmanet@wikimedia.org,yF0'u+k)|s)z1T
535,lrickarseyeu,cogleseu@icio.us,wP4!y)cc
536,sbaumanev,wgilardoneev@nationalgeographic.com,pR1_|qjt8XOFJ3~
537,mlaceew,rmcdonnellew@etsy.com,oJ8~_<nlBwWO
538,blanferex,hborgneex@networksolutions.com,uU0&_taGep{`>+a
539,geskriettey,btantey@blogger.com,wU9_.=i1ZDXpdX2C
540,fcockrillez,gatherez@taobao.com,wS9{h1MT<
541,vgilliamf0,pnonof0@nydailynews.com,gG0_G<lf0N
542,dleppardf1,pearngyf1@networksolutions.com,rH5%0}F!r$oob@B
543,nalbrof2,mhairesnapef2@china.com.cn,tP1'ZQyYzcL+?y$
544,rkingcottf3,featesf3@reference.com,pH0/!Qw2dcG?
545,smacmurrayf4,ccumminsf4@hexun.com,tJ9`Ef|%=aL=pNBH
546,nwhittenf5,gchallenerf5@hao123.com,aR9+H=!&0(Yw<
547,rprisef6,kseamansf6@51.la,"jU3#y?d_""("
548,mhenkef7,hturbernf7@tmall.com,eG9_/ya?
549,jverrillf8,awakefieldf8@europa.eu,"vT3(Un))""o9*"
550,mfowgiesf9,wheintzschf9@cdbaby.com,"hL4~.J|""ds.J3"
551,gfosdickfa,bfraanchyonokfa@latimes.com,eT0=!V/O4{\W
552,hconnealyfb,jmacardlefb@pen.io,oO2}q&8MhP
553,ptregonnafc,moheynefc@gnu.org,mC9#lgbfF
554,wreinhardfd,dleverettfd@delicious.com,aS0$w5cgPEY#0kq
555,hheadinghamfe,cmountfordfe@usa.gov,dR7|bmA`e~1JVM
556,rsivornff,bgrittenff@last.fm,kZ2&Pwv=kpW@?s6F
557,bdyballfg,nradkifg@dot.gov,tL3`CbPWwR=`
558,rsedworthfh,pmcelvoguefh@uol.com.br,"xR7(E_L,~$oJ"
559,kweymouthfi,mcramerfi@youtube.com,"rX5$R&`s""%"
560,elawransonfj,cbaudouxfj@ted.com,rY7%z=@HDg0y`x65
561,lventomfk,lpretswellfk@sun.com,uK0<vl*1EaRe
562,bcarmodyfl,tbrashfl@biglobe.ne.jp,uR3?avvtGT!
563,joiseaufm,sswinfonfm@clickbank.net,sI7@r8Xr6qxzrWc
564,igadsdonfn,meacottfn@sitemeter.com,oD8(V1n|ird_N
565,rgorriefo,vwondraschekfo@ihg.com,oS8!F6ye6|tjiF
566,apashfp,hkonzelfp@imgur.com,"wL9""YBJfJa>}"
567,zgaynsfordfq,dholsonfq@jiathis.com,dK7%JG4Pyl
568,cbuncefr,hlocockfr@blogspot.com,"qW8<6u\{62Mg9""O/"
569,sconboyfs,dsmedmorefs@freewebs.com,"dQ2*!,o{I6u"
570,lbedberryft,rshardlowft@hostgator.com,zE4@mJ~b_Qg`n
571,bmendesfu,pmounchfu@gnu.org,zZ3.?0nn#<H*rG
572,choltomfv,bgosnollfv@posterous.com,"tE5,_9d0wl."
573,kvanderwaltfw,kcavefw@wired.com,qW9%~aF_S)
574,mgossefx,sdowderswellfx@amazon.co.jp,bI1=$rN'xeqLW
575,fasipenkofy,sdoumercfy@berkeley.edu,eR4_%zY`UeD<KU?
576,flansdalefz,rtreadgerfz@omniture.com,wP8#FgRL{#FX\
577,edraysong0,ksealeg0@ovh.net,"gP3+""G?$,@mS"
578,sdrinkeldg1,rpiccopg1@engadget.com,jJ2/S=eZ
579,lconrathg2,ieastcottg2@histats.com,dZ7\_f>L`$5q0u/?
580,lmobiusg3,bboanasg3@storify.com,cI2*VeK?k|S?
581,hmacalesterg4,laspleng4@sfgate.com,"mC3,4Zvi|.#Dwo3"
582,kwarrillowg5,fcanterg5@hatena.ne.jp,fH8#JGHH+ourJ
583,snewarteg6,tnanuccioig6@biblegateway.com,"tM1""Uz~XN}"
584,etooherg7,bkassmang7@angelfire.com,"nU2@Gu~,/x="
585,llaurieg8,cholleworthg8@adobe.com,sU3*40ECBRT3
586,mbulbeckg9,eghelardonig9@paypal.com,nY6<G894`
587,lgandrichga,alarnga@msn.com,"rA3""UzmQ>.&T"
588,mrysomgb,bjerrandgb@tinypic.com,nC5%YC>Lh0
589,dblaineygc,oureygc@ed.gov,cM3'(vHq
590,sspriggingd,jpleagergd@weebly.com,yW3}(w9G_68ax
591,gsharperge,zromanetge@state.gov,iP0)|&AC
592,hcurlisgf,aschultheissgf@bloomberg.com,jD7$ZX>@Mg
593,wdedomenicisgg,jjaillergg@msu.edu,gK1\pz)>rRtu$bm
594,sshilstonegh,twankagh@yellowbook.com,uR1{~+4IB(hW
595,cpucknellgi,wcantwellgi@mit.edu,"lB5=ZXk""yKSF"
596,rmulveygj,ggummowgj@printfriendly.com,fE6|2.`_{8ykk
597,zruckertgk,gcorballygk@ow.ly,eX0!M8&9XW0
598,chassurgl,tfittisgl@pen.io,yQ2+H~k&y3TJr)>
599,vwarbygm,dborelgm@amazon.com,tQ7/{l*ei)
600,fgahangn,nklemensiewiczgn@ow.ly,rH1&8Z@E\n
601,jfochgo,tpurshousego@sakura.ne.jp,gE6@AQlJ
602,sguirardingp,pkinzettgp@walmart.com,gL7&{<W5!*S`=
603,bgawthorpgq,lmcilhaggagq@businessweek.com,dY9%b+*+x
604,tsparrowhawkgr,mmacallistergr@chron.com,"zB6&m(P""@yp4%ogz"
605,ekliemchengs,vrainongs@bing.com,"cE4>\#?c(Dp,voY8"
606,hlukehurstgt,lyakunikovgt@sbwire.com,pB2\1_inRjx7@cf
607,ccorneillegu,lgironegu@rakuten.co.jp,aC0(UqXk*
608,hwakelamgv,lroubottomgv@ocn.ne.jp,rF3?4>EjF8gG7w<w
609,dbutgw,melrickgw@microsoft.com,"uE6*|""8!%y*j\EF"
610,lphizackleagx,ebuchanangx@pagesperso-orange.fr,pA5&eTuMaav.w
611,fkemmeygy,psitchgy@walmart.com,"bY6.0,?!/AtQE~k~"
612,snorthagegz,oantognonigz@smh.com.au,vG1}Tr(3ND
613,ndevalh0,hcarlsenh0@alibaba.com,kI2'({K7?QPVL'
614,jrosettinih1,djillardh1@moonfruit.com,"wH1,yFtq\"
615,ptuttonh2,nkezarh2@squarespace.com,jW7+HX@y}
616,jtuerenah3,dmeyshamh3@hugedomains.com,fO8~Mr1#?=iE?>
617,dbilbrookh4,wmoringh4@microsoft.com,"dO2<o,8zzw8#"
618,cwestmanh5,odismoreh5@wiley.com,jU4/3t`qfwG7SG
619,ggenickeh6,egreenhallh6@dell.com,"uX2|Iejq$jw"""
620,vrobertsh7,cschusth7@va.gov,"wR1"")y/xy"
621,clehrerh8,ebakeh8@hao123.com,eI0.b6mXQJBy
622,wbycrafth9,hibelh9@wisc.edu,pL0?iO1tlzq=gV
623,acaserha,ktruseha@1und1.de,jX8$nuypK_JT
624,dcolleckhb,crawleshb@friendfeed.com,hT7+1(0a`E*
625,gburfieldhc,ehalmshc@usnews.com,zH1@*N}To3Lw{
626,rreaganhd,mbodocshd@bravesites.com,sB1&m=!2|+
627,csmittonhe,edowardhe@dell.com,nC2'JW?5LO_(st/R
628,bjablonskihf,kdulinhf@cbc.ca,nA3'kdlR3e
629,lshalloehg,gbailliehg@baidu.com,nB1'5+LwxhBaR
630,seschehh,ledwardshh@hatena.ne.jp,wJ7.mAGH(/B
631,bruggierohi,mgomezhi@blogtalkradio.com,"wP0.BYkH""Bu7*}"
632,jrawcliffhj,flafflinhj@friendfeed.com,"mU7_2yG_w_F0l,m"
633,gvirgoehk,acommanderhk@ow.ly,sO4%TkPcz=PE*g
634,litzkovhl,domulderrighl@cbslocal.com,"nR1)6,S~`Rf"
635,cgoodersonhm,pbeardwellhm@soup.io,wC6@alKniE
636,lcostainhn,onewhamhn@alibaba.com,cW5_2E4L2X}lP\
637,ghartfordho,cschabenho@fda.gov,kZ6`1<jccQ
638,ospilemanhp,ojarleyhp@nps.gov,eQ2%4@BB
639,bepeletthq,gduesterhq@noaa.gov,hQ8}ql3H
640,ddoncasterhr,probertsenhr@hhs.gov,cJ5{O81v
641,bwinkhs,pbokenhs@whitehouse.gov,kG8$yMwX_p.=
642,dlazenbyht,rgagesht@salon.com,"dG5,9&JyLSX"
643,ngundryhu,jfarthinghu@tinypic.com,eY3_6EdX95{
644,crichemondhv,emacalindenhv@godaddy.com,uY0?54cw
645,rcalladinehw,btreslerhw@wisc.edu,bW9_#ilR7/C
646,pmidnerhx,qporcashx@globo.com,"sH4}"".J?4XZ"
647,bgustushy,kbeakeshy@princeton.edu,fQ3%qa$F1Y
648,kdreigherhz,mvandersonhz@last.fm,"hE4,p~z3"
649,kbraccii0,slingwoodi0@nsw.gov.au,"nL5}.a5vIg,Ar"
650,egreenalfi1,adoghartiei1@spotify.com,qI9>s_s*f>'C
651,afarthingi2,ohovei2@unblog.fr,"hB2(_BX+q@M,_s&"
652,ncorderi3,fdaini3@toplist.cz,pR0_tAdJb
653,thallybonei4,adowlesi4@sciencedirect.com,pV1}B=@ug/D
654,tliffeyi5,vchaffei5@tinypic.com,qG6!kaP0W292&Kj
655,ggoggini6,csivesi6@oakley.com,"eR3@yR.'Jq7,_u"
656,gmilnesi7,hfisti7@boston.com,eR4%p5Ptg/KJ3B*6
657,lleederi8,cmacfiei8@gnu.org,yZ9~qq7~V2|NWYGT
658,pdickinsi9,eaxfordi9@merriam-webster.com,"bY2""_bY=WDF"
659,vveyseyia,sfindonia@soup.io,uW1'%t3~+|EyuatH
660,jburlib,nfatherib@opensource.org,cR5(f~V#ctB#e
661,alimpertzic,fhostenic@spotify.com,rU4@$6PlF5
662,piddonsid,nbuxceyid@census.gov,pN8+q{Z~4d)mXlt_
663,selgieie,mmcffadenie@auda.org.au,"xU0'pANh~""(0=d{V"
664,gwhittaif,cdurrandif@sourceforge.net,bE3#LvH@!rz
665,lhamerig,edevinnig@e-recht24.de,xI2\(ySU
666,tbootellih,jbeekeih@github.io,fP2~Z2z`
667,agarrowii,dbargeii@ucoz.ru,kN0)tWKx9W+
668,rfallowsij,gwaterhowseij@tumblr.com,mD3$FaGaHi1F*WYI
669,rknightsbridgeik,etribbeckik@people.com.cn,wH1.@~idF
670,cmaymanil,cwhitehallil@nydailynews.com,"qZ5|~x>8al?k""w"
671,lpolsinim,kthornborrowim@jalbum.net,"aB7""oDI<?iDE"
672,smorfettin,kbrickseyin@dailymail.co.uk,yP6_/AvQvQaAWAQ
673,hbecksio,npattisonio@alibaba.com,kI4(0f{p
674,ldiggonsip,bjosephovip@dailymotion.com,qO5?tnf=6_O#Olx=
675,tcicuttoiq,fdeeneyiq@desdev.cn,"zY1""F+$6K'Ah9vn("
676,vninnottiir,alongoir@aol.com,bO3)`%mJ5OULc
677,dpowisis,dmoncuris@sohu.com,"xV3~)""*6k"
678,lmerkelit,boleshuninit@tiny.cc,nW9#HMHor
679,ecurdelliu,cgosdiniu@istockphoto.com,nN2+C@noEgDM{a>
680,caherneiv,lmccookiv@yahoo.co.jp,hL9@vgTFO5<Gb*
681,mshelmardineiw,gcyplesiw@google.ca,bS0!oAQr`|l{={Hv
682,ocrockfordix,gmaffeoix@fema.gov,oO2>K}nMG{Ab6|Le
683,lyousteriy,rcasieriy@webmd.com,pV2*}~hT
684,asalkeldiz,eokelleheriz@nps.gov,"rI5,ob_mY""2"
685,mghironj0,swhistonj0@lycos.com,gR4'=UPCL`l2rX
686,smccotterj1,kseeneyj1@earthlink.net,sD9#@17F\n_tYj
687,mcuberleyj2,gmeakerj2@discuz.net,rZ2.7ehh%
688,jcolloughj3,ltimberlakej3@earthlink.net,lV7@Y@%A2yov8Q?
689,jaddymanj4,cprisleyj4@salon.com,kR3#LFwwD1(
690,ohelgassj5,btreffryj5@imgur.com,"cD5.mfoG,RU"
691,dilyuchyovj6,ipolandj6@creativecommons.org,sQ2/o.uXG=
692,abetjemanj7,wmaclesej7@youtu.be,xZ9/y#J)DE5KRWT!
693,riacobinij8,mheasemanj8@toplist.cz,yQ2<w|_Wzj%=tO{
694,ashaughnessyj9,cheselwoodj9@sciencedirect.com,dJ4+vHUswWzyh#
695,rmingardoja,nyansonja@zimbio.com,oF0)38je
696,bmessengerjb,dpeekevoutjb@xrea.com,"vE7*4N@vcnQ/""+F"
697,hshimwelljc,knovkovicjc@pcworld.com,dF6.4n6+BG|
698,nroakesjd,wjoannicjd@sbwire.com,"eT3,g_gd9+DHNcRD"
699,dhansomje,ebeamontje@cafepress.com,yQ6>$%A$eY6H7KH
700,dbaggelleyjf,mskilljf@boston.com,sP2<o!n!B\`h
701,dcollinsjg,pfishwickjg@addthis.com,"mI1{(,&4sk"
702,mcamseyjh,vleutyjh@sciencedaily.com,tB4+a?R`%gd
703,dborrisji,mplaitji@squarespace.com,"yU8>Isb>j}4q$"""
704,abielfeldtjj,anancarrowjj@free.fr,yQ2&LlA_M6.JQmQF
705,aolifardjk,nmatejicjk@51.la,kJ0`m&#dvT2Kw!%v
706,lbibeyjl,bgouninjl@uol.com.br,lQ7=`<nY
707,hmarriottjm,nlankhamjm@seattletimes.com,oS1}MBc<JFu9'0
708,pcattojn,jneseyjn@ucsd.edu,iY6>id`ts/
709,gbetheljo,ykuhnejo@mashable.com,sI9~YBI/
710,mrosedalejp,kdowersjp@narod.ru,kX3#1h3YDb|v
711,lgurnelljq,ipaxefordjq@vkontakte.ru,vB4$pbRW7b2
712,wwaldronjr,swickinsjr@joomla.org,"dP0+""K>*z}F"
713,rshepcuttjs,mdonaldjs@youtube.com,"aZ0`Lx&=aC6""Ppfu"
714,mgerransjt,okinneyjt@mlb.com,cP8<>j$cCVk{t
715,bcooperju,sskinju@yellowpages.com,mL3|QC1s
716,bkeyjv,aebbingsjv@woothemes.com,cR0|L|8&kxr!Fp+n
717,brayntonjw,kmarnerjw@360.cn,"hF8'St!N<=nd,%."
718,bwilbrahamjx,gstarrsjx@moonfruit.com,"oY1,ottUknA'A'"
719,bwonforjy,jgoutcherjy@ox.ac.uk,"yZ5,4T.6zo9u5p)S"
720,amunksjz,mreedyjz@webmd.com,"eF0.dz3?3S,1d"
721,lsteaningk0,ghubballk0@jiathis.com,fR1`q(DccItwCvG
722,ekleinsingerk1,bminkerk1@businessweek.com,fA1<YP\OYR_Lw{V
723,mkennak2,grosewarnek2@twitter.com,bW7%mo.TEL
724,cbarnishk3,zmaleneyk3@archive.org,fG2\4pQjm)Z
725,aantoinetk4,abrassk4@gravatar.com,nR0&*&kDj=Mxr
726,dtommaseok5,dsherrockk5@nyu.edu,"sF7@""""w'.!"
727,mandrewk6,smostenk6@earthlink.net,yE6_gn<L@'8bg?
728,hlohank7,dthorntondewhirstk7@ft.com,tV0`C8QmX
729,bbaldrickk8,achicchettok8@npr.org,"mP0,M`UBJG,MudG"
730,cbagguleyk9,ivasilovk9@booking.com,yE0}R}3}~
731,cmewettka,ejinaka@europa.eu,oN5`yC@=ujk
732,fbatistekb,rvasishchevkb@quantcast.com,"wF0'amX~E(>8"""
733,ischachterkc,ddegowekc@acquirethisname.com,kH7=xe%J8~p~NX{H
734,aminoguekd,wthorpekd@flavors.me,jS2}<ZNRR
735,eelintuneke,nfutcherke@miibeian.gov.cn,gD2_jqpX06pFCbWu
736,bharraginkf,kpasekkf@paginegialle.it,"uZ4(""A(9"
737,cnijskg,lmildnerkg@umich.edu,iM8@9QQKkDG
738,epatemankh,mkenwrickkh@dagondesign.com,bC3(yFiW(t!
739,fmesshamki,cpancostki@fotki.com,"aA7""acZGS`(|BHJz"
740,tcorcutkj,rkubistakj@ycombinator.com,"jH0,oeS'Kp<<TE"
741,shumpatchkk,agentnerkk@blogtalkradio.com,rO5.0ftEz%S
742,adomingueskl,ekhilkovkl@topsy.com,jF7\v<Eu1HNL
743,cstollenkm,chaytokm@ifeng.com,wI8|/SCWu&g4E
744,dfairlemkn,rclandillonkn@latimes.com,eF8|DBH6*
745,taizlewoodko,rneevesko@guardian.co.uk,aN6*+6Ido#%=f
746,idavidovicikp,mmassardkp@indiatimes.com,"nE6,|x*VE"
747,dtownskq,mbedisskq@bizjournals.com,"iZ9+9th\T},I"
748,vavardkr,nkapiloffkr@delicious.com,eJ1'l$O_a\
749,dackrillks,kcardooks@blogger.com,mG1}L*Y(kV?}
750,fwainscotkt,cspreykt@bbc.co.uk,rO3_5Hc7g
751,btrewettku,lkarlicekku@freewebs.com,sP6`ZTx1m
752,coxenburykv,nparkynkv@comcast.net,mK6{fdh<d
753,dberndtkw,cmcnirlinkw@wisc.edu,kF0<68N5r4
754,efloreykx,erenforthkx@alibaba.com,"jN1<~'"",zu8"
755,rgotobedky,lwimpky@nps.gov,"vS5""`9~<eM}X="
756,snafzgerkz,csutcliffkz@gnu.org,gK1<j)D*_%X5
757,cseakinl0,tjouhningl0@noaa.gov,gQ3&h<?8=m
758,ndeandreisl1,mshuryl1@xinhuanet.com,rB2*?6A==
759,esunnexl2,dvasyutinl2@usgs.gov,"dQ4=wwu(pWNNvtQ,"
760,aalfusol3,biowarchl3@odnoklassniki.ru,oE0&`N5k##qvqK@
761,vstubbesl4,cscolal4@flavors.me,bR9>FRy_
762,dpriestmanl5,ilecountl5@sciencedaily.com,eU8)+Ev@12C
763,snewickl6,glukehurstl6@ebay.com,nO8=l8*bS
764,gdanilevichl7,shuikerbyl7@squidoo.com,cG2+ahy56c
765,lrobertisl8,dschmuhll8@wp.com,"yJ1?,f>xt{*ciO"
766,ipeevorl9,spendleberryl9@virginia.edu,nR0`'4SBUU\d_P*
767,hvakhoninla,mgeckela@abc.net.au,zG8~uE?K.9_06R
768,shaylettlb,dgottslb@trellian.com,xO5$O$mJ1qZY
769,cdesimonelc,oacasterlc@foxnews.com,fW9&iB_fK4</
770,cfarrald,esaurinld@baidu.com,"zH9(',cA6"
771,lthackerayle,ddurhamle@domainmarket.com,kL4#Ea=?84
772,tmcclementslf,gyglesialf@sciencedaily.com,pC9(QWL8J#zGM
773,corgilllg,wtregienlg@mapy.cz,wZ7?T47X
774,brobardleylh,llambkinlh@google.it,qT9{qLid>%
775,gkilliamli,lmacveanli@goo.gl,vO9`iz?C|$Tg|
776,sizattlj,bhundallj@ox.ac.uk,jH0@sSxa0th&d(
777,alimericklk,tcornwalllk@prlog.org,jX5#}eV@GYT
778,nharnessll,bdoughtonll@kickstarter.com,qS8)CAb/~{k
779,dtiltelm,lfochlm@ezinearticles.com,"xN1)\)>4,"
780,aswindellln,tscurfieldln@ning.com,dG4(XNIhdO!
781,rmyrtlelo,ltregonalo@telegraph.co.uk,"gH5`<B""/!."
782,olubylp,aheyfieldlp@mtv.com,rT3/b()oT$IQ=n
783,dconsterdinelq,tenricolq@si.edu,cB0.8pi==
784,kgawthorplr,lconnerlr@scribd.com,"kE2#6?r*&N,6"
785,jbatiels,jkayls@yale.edu,"hO3,r'$wXl{cG/Hh"
786,frapolt,stiuitlt@is.gd,kG3_S!Ek_=OlvF!i
787,jsergeanlu,dablewhitelu@qq.com,vJ7/4?(lnG_x
788,awheeltonlv,cmacaskielv@foxnews.com,kP0>~?>\xZ%I%I#A
789,cquilleashlw,vullrichlw@simplemachines.org,vH5.*xy`/'J/gNu~
790,sortalx,dbanishevitzlx@shareasale.com,dE4*#P&y4Q
791,agibbiesonly,bdussyly@networksolutions.com,iZ0@@t(jRjGfaR
792,gtruelovelz,sarbonlz@cisco.com,oM3(WqbcZc
793,mrichardm0,eizatsonm0@redcross.org,"bC4%f>X,'=Uj"
794,dcanferm1,bsoanem1@nasa.gov,dC9.fmN@TH+J
795,icollopm2,mashbridgem2@elpais.com,iL3#{ThdvX
796,akubasm3,sfolliottm3@addthis.com,cX1'b?'>
797,jraultm4,brayntonm4@merriam-webster.com,dX7}{L9i#pbE
798,gbreslandm5,freastm5@princeton.edu,mJ7|#N1_n{(@N$
799,ivigneronm6,bheighwaym6@google.com,"lL2+7>,/"
800,dbartam7,jmcarleym7@wikia.com,zD2$1~pwTPSW5
801,broism8,ilamingm8@flavors.me,"yA4}""j4A"
802,pdowlesm9,vfilipponem9@sina.com.cn,zU1=NoqU_p+`2u
803,nhalsallma,gwhitwellma@miibeian.gov.cn,"kH4""%IgeV*A8"
804,dbrancamb,ppaulonmb@dell.com,jD5!5z{5wBO
805,mboakesmc,sstoadmc@ca.gov,aK2}0PpB8w/n
806,fblastockmd,pbartlettmd@msn.com,aC2|fR'p
807,proslingme,tadamoviczme@shinystat.com,qX1&p=$82
808,cbleiermf,jfultonmf@imdb.com,wC2{S#1Bqr_D?+ub
809,seatemg,lskelingtonmg@is.gd,aD8}1<S3qc{$&u#
810,rknightleymh,acurdellmh@buzzfeed.com,fI3$<x$7r
811,lcrunkhornmi,cbradmoremi@furl.net,vT4$.'Yj$@L?u0n
812,dimlockmj,agirardinmj@last.fm,rC5.}J(7tMx0<
813,cbruslemk,tavramowmk@accuweather.com,aM2<K273
814,abrownbillml,cpittelml@skyrock.com,xF3.wVfv
815,emeesemm,fleelemm@gravatar.com,"nU9,C?3+y"
816,frudloffmn,ksarrellmn@tiny.cc,wP4}Po)3H>
817,dbeedonmo,ggatenbymo@freewebs.com,jJ7'lqA62h~3i
818,fjordonmp,mjeremiahmp@tmall.com,iP6~I#fKGHYaM5R!
819,adilonmq,acasadomq@youtu.be,"nY3`@,(Gh=E@Y+g"
820,dghidettimr,aversonmr@baidu.com,iI1$}tWt\tmCMbM0
821,ibernhardims,jwagerms@nymag.com,tA9<o&1oa}U$%$lY
822,gderobertismt,dmencomt@google.pl,pK9<5X/#$)n
823,mbramsommu,mwinsommu@dell.com,iQ0%+Y+mRoK'nD}g
824,tbrignellmv,okohenmv@goo.gl,xI4`t|IqO
825,brichensmw,nformiemw@dropbox.com,"nQ1}.y7QhXzRK,"
826,eburkhillmx,mroachmx@umich.edu,pI1(vhkp+wpXb\
827,mculchethmy,jrountreemy@cnbc.com,"dQ1=nkN'4""@.|'/"
828,lplummz,siohananofmz@github.com,wH5?>NR@Bx
829,hbolderstonen0,rwightmann0@senate.gov,aV3=y8`Mur=IOA
830,rjerrimn1,smacfaddenn1@liveinternet.ru,"tA7+TGRTA3M""~u="
831,ddigweedn2,mbeniann2@nhs.uk,"qS3+XtlnYT'""D3"
832,npavian3,kweatherdonn3@bbb.org,"pG8/.,8iO+Os{Y"
833,lkeavenyn4,osayburnn4@tinypic.com,tW2.qYUUx&B
834,dtorrin5,mmurrishn5@stanford.edu,fF3?)p*!bEg+{
835,mnowlandn6,kbiaggin6@washingtonpost.com,"pT3'(>L,Q!tC}1'J"
836,dpiscopellon7,lhamssonn7@hhs.gov,qD4@X31X(njAW
837,lwranglen8,aantosikn8@uol.com.br,"yJ7,ID##xR1.vMLh"
838,rhaslocken9,cscotsonn9@privacy.gov.au,tK8=)\BYR{F3
839,mcattenachna,wbussensna@ebay.co.uk,"cC0!,M>zuH"
840,mchamberlinnb,ripsleynb@naver.com,fD0@jsDCFdlJB
841,olockneync,dhounsonnc@jalbum.net,zM2}h`0XV
842,rmcmurdond,cmossomnd@yellowbook.com,"iM8""U.wv6*8"
843,gkevanene,tfroomene@answers.com,"vK2\TAT,q(}#e1&d"
844,kplantnf,clefebrenf@wired.com,"hD8$C#A~r,#N1Mf"
845,jselwoodng,habrahmsonng@un.org,nQ8>B<C3>Imy2
846,dubeenh,establenh@hc360.com,fS6)ww+O$/.
847,lferranni,mandrichni@posterous.com,aJ4}82'6xz_LN7|
848,sharlernj,medelnj@addtoany.com,kD6(pn(o1R)g6tY
849,mjimsonnk,clinkienk@sitemeter.com,fF1/Nc)rEO
850,mmaddocknl,ciannellinl@wisc.edu,dY0}vR\CNON
851,ctintonnm,aeasterbynm@list-manage.com,wG4}>GQ&n.6it
852,lbailenn,sprandininn@wordpress.com,wO9&d5(o
853,hdiwellno,sboundeyno@reuters.com,vW6@a`k|k
854,mpicoppnp,hcottagenp@eepurl.com,kQ3$hp}C
855,hjoplinnq,mtartenq@apache.org,"yI0~'|W#,ZN"
856,awalentynowicznr,kguiunr@hibu.com,eJ3`80ve~*Osjj
857,vjermynns,sgeraudns@naver.com,"yY8<{/w&z"",$8h|"
858,bollandnt,boflannerynt@mysql.com,"aO3/3,""J#EGyGw?7"
859,rsparwaynu,rtomaschkenu@slate.com,gS3#!%})
860,esummergillnv,mbenziesnv@netlog.com,"uC7`3.=5,"""
861,dsprattnw,aacomenw@gmpg.org,cZ0?|!RT5s
862,lriddioughnx,starboxnx@prnewswire.com,vP0'XHB_SFwE6S.o
863,fbotlyny,swhitmoreny@discovery.com,"eD7""!Qe7DlR"
864,ahawgoodnz,klothloriennz@tumblr.com,"kM8""f8uaJ{ye>"
865,cwebbyo0,folivero0@wikia.com,"rA2(,@c}}d"
866,njarvieo1,bhanlino1@hud.gov,bH4(YOjx~a$MVK<
867,omolineso2,shaywortho2@virginia.edu,sC0%`HKY|g
868,cyushkovo3,mcreecho3@gnu.org,wA6|_7k_y
869,bfineo4,jhaughiano4@lulu.com,fS6\%}%FF?{uV
870,adealyo5,catleeo5@cisco.com,uA1_)*B6
871,lweskero6,ctaaffeo6@ycombinator.com,"nU5$`*kkS""do"
872,kminerdoo7,hmclenahano7@google.ru,oK3!{w.u7SM`y{D
873,uadrieno8,gpearseyo8@washington.edu,kD2&ax}sq~NT5
874,ahaywardo9,cconahyo9@artisteer.com,yT1*6Y+`8We(s2v
875,hvennardoa,jbrignelloa@thetimes.co.uk,"aY2""6Kg<"
876,dbartotob,amccomasob@comsenz.com,vB3/x6fw5hflY
877,dnorthcliffeoc,rmaddoxoc@reddit.com,vD1%xxpwQJ8h
878,lankersod,kdreverod@lycos.com,bV4_lukpbUk%
879,lgeroldoe,mwiltshearoe@bandcamp.com,zI7)WI=fq1b
880,erostenof,dphilbrookof@smh.com.au,"nI1("",{\sIkmgGC"
881,abawmeog,mwhaitesog@army.mil,qV4%79A\u
882,blongdenoh,dleathwoodoh@pcworld.com,yD6#++r>DS
883,jponteoi,celietoi@google.co.uk,jL3?0Y$5P
884,rferebeeoj,rriochoj@t-online.de,iZ0}b6yI0yWbNKR
885,cjodlkowskiok,fsyderok@chronoengine.com,fT0}gA|dB
886,icastellacciool,rjuaresol@devhub.com,"gW7$$eZ"""
887,lwrennom,gklaesom@ow.ly,iC2@zWgpVV24hKn*
888,rcannicotton,eboodleon@sina.com.cn,dF4!1(aT~#E?
889,tjadooo,ajerwoodoo@google.com.br,yO0'ZJskOISwiI
890,cownsworthop,ybusfieldop@oracle.com,vA0?4YS=\4L
891,aceciloq,hsmizoq@pagesperso-orange.fr,bB5&&9G~a\<(19}
892,cmarriageor,nanchoror@yandex.ru,tS9{ff|/Vx
893,gglassborowos,bshankleos@buzzfeed.com,hA2>jsUNhWs\=hi
894,bchaineyot,tcastellettiot@epa.gov,mO2!LZOXLEwz$ia
895,csimisterou,aborleaseou@hc360.com,wX0~8IAI
896,mrobardeyov,tsamartov@yelp.com,qA3\}8kfm>eMuo%G
897,bbentingow,sleyntonow@privacy.gov.au,"zW1'AsUG"""
898,lcoltartox,lstebbingsox@qq.com,cT6!Lh5\@<
899,bbundockoy,lpaullinoy@vk.com,pO8?BNe*#x\UG{
900,vaudibertoz,dchateroz@nationalgeographic.com,cE9\$@eb+qH
901,sullyottp0,pdowsep0@discovery.com,dY7+Sspy7m?1)
902,hbourrelp1,dpickvancep1@discuz.net,"yO4'\pTb""$C+|<"
903,hwinspirep2,etomeop2@yolasite.com,yC4`e~Nd?ezlu4
904,ibeckittp3,gkrishtopaittisp3@mit.edu,rB1!lsss
905,gthireaup4,achesleyp4@nasa.gov,jN1{hyMS
906,rcoadyp5,wsprowlesp5@cbc.ca,aM0|3SVrKeP~
907,etillertonp6,mfeachamp6@t-online.de,jK0%DGnpw'v4)#n
908,rcurmp7,vhollerinp7@multiply.com,"hJ6(=o3@!ix+R\,5"
909,rbarnhartp8,mpokerp8@google.com.hk,nJ7`x4#B*KIS
910,sfaheyp9,eleesp9@friendfeed.com,pS7`1B.p+lN
911,hberkpa,tjorckpa@soup.io,bF6.AGN=!=gceW
912,gburkinshawpb,tkilgourpb@tripadvisor.com,cO2`Qz$~?
913,rhallibonepc,dpainepc@mayoclinic.com,"rR7*w/Q@(DCqC,"
914,rpadgettpd,bturpinpd@deliciousdays.com,tS6$qwz(A
915,cfeehanpe,dgonoudepe@symantec.com,jJ5<D/fM@
916,sbjorkanpf,cbucklepf@usnews.com,aW4{acnPWQ
917,estockbridgepg,bwakelypg@usgs.gov,lQ4&FG(#L<Jz6Pl
918,doferph,dberanekph@boston.com,vB9)Dlt@
919,mmedinapi,sgraftonherbertpi@furl.net,cH3?d4PZiT!D
920,jcrippenpj,jwhittetpj@4shared.com,sE4('g=\0jxm7J
921,jbartodpk,bdevenishpk@examiner.com,fU3)CA)7W
922,jmacartneypl,dtossellpl@bing.com,hY9\O>?u=km>*c
923,cpowlettpm,wcollomossepm@mozilla.org,"eP6`h.mw""TZ"
924,lelverstonepn,mblincoepn@skype.com,rG8#rh'0o
925,kcawspo,rkillelaypo@artisteer.com,"jX7|g&Jk)s,DuL"
926,eabbadopp,mnotepp@usda.gov,"oM0=37f#,DrFIB"
927,jstembridgepq,hacklandspq@vk.com,gI1~IxD2R`*#!Hd=
928,glebrumpr,candreassonpr@tmall.com,wP4{zLBkMyc
929,pthomassenps,jmarjanovicps@feedburner.com,aI5%7x>_
930,ileflemingpt,wwithurpt@odnoklassniki.ru,"jZ4`16,}88.OF("
931,switheroppu,sjacklingspu@dailymail.co.uk,mA2<JinWGo.K
932,cgoulbornpv,jgilletpv@360.cn,pP4=82?/`SF#
933,mstpierrepw,mtrevnapw@marketwatch.com,sD4_VJzPi(6=
934,blansdalepx,larunowiczpx@loc.gov,cS9#H09KQd
935,aolooneypy,badkinpy@vkontakte.ru,jP5_$ZTx|`'\kd
936,jkemmishpz,gstockfordpz@sun.com,"zE0>""YK=v8z3nE(3"
937,jtitterrellq0,feastmeadq0@networksolutions.com,xM3=i#HAUBqd4
938,fluckeyq1,nbaserq1@goo.gl,gM5(p.u}t&=
939,nvalenteq2,veklessq2@shutterfly.com,gY3#OHWH3.l
940,jovesenq3,amaddisonq3@mysql.com,uZ2_1K6|V2|
941,vlimpennyq4,rgoleyq4@smh.com.au,aV6(r#VijhO<B7=
942,wcastelloq5,bbengerq5@dell.com,vE9|&tj90uZG$MfT
943,cgilstinq6,pghidettiq6@ucoz.ru,"bX8,sbMd"
944,pattewellq7,sfairhamq7@clickbank.net,sW6%weCHo7
945,mbathersbyq8,kferraoq8@pbs.org,kU8{Vb2Rc2tP5
946,iboughtwoodq9,mgorgesq9@pagesperso-orange.fr,xI0&HOOg
947,jmoresideqa,vpetegrewqa@nsw.gov.au,fF4{uwL&
948,dmcmoyerqb,tbaseyqb@sciencedirect.com,eT8@IRiXf&b1
949,uvanderhovenqc,fhulseqc@angelfire.com,uV6\1$@Z}<o
950,mmcilriachqd,abrimelowqd@last.fm,"bG8>""0Ct"
951,bthorogoodqe,wdavidowqe@shareasale.com,eT2/XfAwgM5M&2
952,smaghullqf,gisaksonqf@theglobeandmail.com,zI1=imA0&eTb|j@
953,gchurchingqg,fsperryqg@g.co,yC4@hxXE1E$x
954,sbeeckqh,idybaldqh@irs.gov,yJ6?yzKpHav
955,gwoolhamqi,gtingleyqi@indiatimes.com,gA2~s9q.vSwC$
956,mdunstoneqj,vwoolnoughqj@imageshack.us,aH3'BOcx_B'$}Y~
957,mstidstonqk,ecuestaqk@plala.or.jp,oR3{vkk`
958,bullrichql,ccammellql@odnoklassniki.ru,kZ8#|yYx'r!lG
959,dgwalterqm,bdullardqm@google.nl,iY2'x4<V
960,mfromeqn,mhusthwaiteqn@cbc.ca,"zC0(c*h,BmX*<Qaz"
961,jdrustqo,bgoingqo@myspace.com,hZ8<8<EA*
962,zorvisqp,flotteringtonqp@ovh.net,gF2$6L=#n#|`GalG
963,whandscombqq,sbarnewallqq@example.com,xV7{oGJ()
964,htrumpqr,glucchiqr@prweb.com,uL4.c|jZ9343Pt?~
965,cblazyqs,oewensonqs@dot.gov,qB5#Y8B}vHnR
966,dthreshqt,ewandreyqt@npr.org,rJ0%>3ju9g?4|
967,cdealtryqu,asapseedqu@columbia.edu,jA1%_)0$l
968,kklossekqv,dbessomqv@instagram.com,lV7'a$e`i
969,gwallegeqw,wsanperqw@omniture.com,fO5>6bxInvDN4}\`
970,avasilovqx,vbrewoodqx@hostgator.com,cG3~PM4@
971,wnunneryqy,kcollicottqy@devhub.com,wS4*ufg8l?Yv$e
972,wearpqz,vfrushardqz@cisco.com,"rN3`<HAmH~_,C("
973,kmacquarrier0,pyeseninr0@instagram.com,"yR8""9jE_"
974,cbeltonr1,rscotsonr1@friendfeed.com,hI1)n1$e?{NS@{mH
975,jfiggerr2,lungerechtr2@columbia.edu,qI1+8P_X(IW<f#w
976,lcraiggr3,ilghanr3@instagram.com,hJ9`9!'a
977,jmanoellir4,boakwellr4@usa.gov,jM8$2ykxF*W=3g
978,wfarrearr5,chillittr5@amazon.de,lC2.6G8Bq4lO!V
979,cguester6,cshepherdsonr6@rambler.ru,"zU7,|Wtx2>/"
980,swarstallr7,kclaybournr7@privacy.gov.au,jY3\ZKOK
981,crodmanr8,ecissenr8@studiopress.com,iA0'isDl9i$)@sY
982,mmurrthumr9,sshackeltonr9@intel.com,"xQ4%3""tIkc*"
983,gcrannisra,rrodliffra@furl.net,qJ3+y{wv
984,acoucherrb,cbremleyrb@google.de,mR2/M0t~R2LNByKW
985,tmarrittrc,npolettorc@sfgate.com,gQ6)nxH%x5$7
986,afallowfieldrd,edonahuerd@umich.edu,"sQ2""KV(j)!<ur$"
987,adielhennre,hmarchire@mit.edu,qG2?CqgN\/v`
988,cbootherstonerf,agribbinrf@narod.ru,uT8(Zqh{Q%
989,leptonrg,smcgrielerg@tripod.com,xN3&I'|>B
990,kswarbriggrh,lcluleerh@fastcompany.com,bX4_l|uror
991,afroggattri,ccallerri@wp.com,xB5~b8b79q
992,tborboroughrj,vhellensrj@addtoany.com,sB2??0/Z1nAF
993,bphinnessyrk,ltailerk@discovery.com,bP1#(EAv
994,cgobelrl,iblaiserl@sphinn.com,cW2|z4>Y%/
995,lbletsorm,swinstonerm@umich.edu,jU9**Od)EP/5
996,bhallybonern,ecostanzarn@gov.uk,"kL4,x5+iGe)2"
997,cknevetro,kbodhamro@drupal.org,"kP6&qXA>NBLkUJ"""
998,aculshewrp,jcarrenrp@usda.gov,bS2'du@`wPT
999,momararq,dbarnsdallrq@blinklist.com,xF1.v&jT=DoS
1000,mpaeckmeyerrr,rslyrr@fastcompany.com,"xL8+,hm_I{"
